{"cameraMode":{"drawMode":0,"name":"Shaded","section":"Shading Mode"},"sceneLighting":true,"audioPlay":false,"sceneViewState":{"m_AlwaysRefresh":false,"showFog":true,"showSkybox":true,"showFlares":true,"showImageEffects":true,"showParticleSystems":true,"showVisualEffectGraphs":true,"m_FxEnabled":true},"in2DMode":false,"pivot":{"x":1.5952327251434327,"y":1.5169377326965333,"z":3.167116165161133},"rotation":{"x":-0.591070830821991,"y":-0.005572216119617224,"z":0.004082437139004469,"w":-0.8065971732139587},"size":3.349670171737671,"orthographic":false}